                  epoch,         train/box_loss,         train/seg_loss,         train/cls_loss,         train/dfl_loss,   metrics/precision(B),      metrics/recall(B),       metrics/mAP50(B),    metrics/mAP50-95(B),   metrics/precision(M),      metrics/recall(M),       metrics/mAP50(M),    metrics/mAP50-95(M),           val/box_loss,           val/seg_loss,           val/cls_loss,           val/dfl_loss,                 lr/pg0,                 lr/pg1,                 lr/pg2
                      0,                 1.1889,                 3.0717,                 3.3863,                 1.1804,                0.03445,                0.74615,                0.05176,                0.02979,                0.03463,                   0.75,                0.05376,                0.02442,                 1.2083,                 3.2139,                 3.1856,                 1.2081,                 0.0982,                 0.0002,                 0.0002
                      1,                 1.1846,                 3.0019,                 3.3854,                 1.1754,                0.03367,                0.73462,                0.04911,                0.02847,                0.03455,                0.75385,                0.05297,                 0.0238,                 1.2162,                 3.2497,                 3.1871,                 1.2144,               0.095335,               0.000335,               0.000335
                      2,                 1.2094,                 2.9638,                 3.3575,                  1.186,                0.03394,                0.74231,                0.05219,                0.02997,                0.03535,                0.77308,                0.05714,                 0.0264,                 1.1814,                  2.839,                 3.1715,                 1.1961,               0.092272,               0.000272,               0.000272
